{
  "project_info": {
    "project_number": "1016970801081",
    "project_id": "flashchat-58614",
    "storage_bucket": "flashchat-58614.appspot.com"
  },
  "client": [
    {
      "client_info": {
        "mobilesdk_app_id": "1:1016970801081:android:e8f29737646233e5745068",
        "android_client_info": {
          "package_name": "co.appbrewery.flash_chat"
        }
      },
      "oauth_client": [
        {
          "client_id": "1016970801081-70cnl5p8dq844evcn4kjl0bcr7meaigi.apps.googleusercontent.com",
          "client_type": 3
        }
      ],
      "api_key": [
        {
          "current_key": "AIzaSyD-JdpMBMlc84T-mHgKley6DUl4Xl9V0jo"
        }
      ],
      "services": {
        "appinvite_service": {
          "other_platform_oauth_client": [
            {
              "client_id": "1016970801081-70cnl5p8dq844evcn4kjl0bcr7meaigi.apps.googleusercontent.com",
              "client_type": 3
            }
          ]
        }
      }
    }
  ],
  "configuration_version": "1"
}